{"cameraMode":{"drawMode":0,"name":"Shaded","section":"Shading Mode"},"sceneLighting":false,"audioPlay":false,"sceneViewState":{"showFog":true,"showMaterialUpdate":false,"showSkybox":false,"showFlares":true,"showImageEffects":true,"showParticleSystems":true},"in2DMode":false,"pivot":{"x":12.739999771118164,"y":-0.28999996185302737,"z":-20.600000381469728},"rotation":{"x":0.023133011534810067,"y":-0.9749451875686646,"z":0.12231871485710144,"w":0.18439051508903504},"size":3.024744749069214,"orthographic":false}