{"cameraMode":{"drawMode":0,"name":"Shaded","section":"Shading Mode"},"sceneLighting":false,"audioPlay":false,"sceneViewState":{"showFog":true,"showMaterialUpdate":false,"showSkybox":false,"showFlares":true,"showImageEffects":true,"showParticleSystems":true},"in2DMode":false,"pivot":{"x":-0.25243306159973147,"y":0.7273321747779846,"z":8.702232360839844},"rotation":{"x":0.11863814294338227,"y":0.5335316061973572,"z":-0.07590640336275101,"w":0.8339926600456238},"size":0.7137219309806824,"orthographic":false}