{"cameraMode":{"drawMode":0,"name":"Shaded","section":"Shading Mode"},"sceneLighting":false,"audioPlay":false,"sceneViewState":{"showFog":true,"showMaterialUpdate":false,"showSkybox":false,"showFlares":true,"showImageEffects":true,"showParticleSystems":true},"in2DMode":false,"pivot":{"x":0.2944822311401367,"y":-5.319663047790527,"z":4.0761895179748539},"rotation":{"x":0.2136005163192749,"y":-0.44894012808799746,"z":0.11143304407596588,"w":0.8604874610900879},"size":7.522500038146973,"orthographic":false}