{"cameraMode":{"drawMode":0,"name":"Shaded","section":"Shading Mode"},"sceneLighting":true,"audioPlay":false,"sceneViewState":{"showFog":true,"showMaterialUpdate":false,"showSkybox":true,"showFlares":true,"showImageEffects":true,"showParticleSystems":true},"in2DMode":false,"pivot":{"x":18.48383140563965,"y":-27.150272369384767,"z":-34.395751953125},"rotation":{"x":-0.06580977886915207,"y":-0.9306951761245728,"z":0.29280969500541689,"w":-0.2091761827468872},"size":31.614105224609376,"orthographic":false}