{"cameraMode":{"drawMode":0,"name":"Shaded","section":"Shading Mode"},"sceneLighting":true,"audioPlay":false,"sceneViewState":{"showFog":true,"showMaterialUpdate":false,"showSkybox":true,"showFlares":true,"showImageEffects":true,"showParticleSystems":true},"in2DMode":false,"pivot":{"x":-4.974233627319336,"y":-11.234106063842774,"z":-25.55912208557129},"rotation":{"x":0.16409263014793397,"y":-0.7645527124404907,"z":0.21432042121887208,"w":0.5853515267372131},"size":16.439773559570314,"orthographic":false}