{"cameraMode":{"drawMode":0,"name":"Shaded","section":"Shading Mode"},"sceneLighting":false,"audioPlay":false,"sceneViewState":{"showFog":true,"showMaterialUpdate":false,"showSkybox":false,"showFlares":true,"showImageEffects":true,"showParticleSystems":true},"in2DMode":false,"pivot":{"x":-1.6004071235656739,"y":0.08708971738815308,"z":-0.5581638813018799},"rotation":{"x":0.07976464927196503,"y":-0.7791745066642761,"z":0.10132020711898804,"w":0.613409161567688},"size":3.3871676921844484,"orthographic":false}