{"cameraMode":{"drawMode":0,"name":"Shaded","section":"Shading Mode"},"sceneLighting":false,"audioPlay":false,"sceneViewState":{"showFog":true,"showMaterialUpdate":false,"showSkybox":false,"showFlares":true,"showImageEffects":true,"showParticleSystems":true},"in2DMode":false,"pivot":{"x":-0.014155693352222443,"y":0.4813303053379059,"z":0.11893409490585327},"rotation":{"x":0.07976464927196503,"y":-0.7791745066642761,"z":0.10132020711898804,"w":0.613409161567688},"size":1.2142798900604249,"orthographic":false}