{"cameraMode":{"drawMode":0,"name":"Shaded","section":"Shading Mode"},"sceneLighting":false,"audioPlay":false,"sceneViewState":{"showFog":true,"showMaterialUpdate":false,"showSkybox":false,"showFlares":true,"showImageEffects":true,"showParticleSystems":true},"in2DMode":false,"pivot":{"x":-1.486471176147461,"y":-6.188209056854248,"z":0.4758603572845459},"rotation":{"x":0.3250769078731537,"y":-0.5399565100669861,"z":0.23745161294937135,"w":0.7392008900642395},"size":8.070917129516602,"orthographic":false}